Date;Open;High;Low;Close*;Adj Close**;Volume
Mar 25, 2024;80,85;82,48;80,59;81,95;81,95;231101
Mar 22, 2024;80,84;81,45;80,42;80,63;80,63;231101
Mar 21, 2024;81,49;81,92;80,3;81,07;81,07;266860
Mar 20, 2024;83,2;83,21;81,44;81,68;81,68;351161
Mar 19, 2024;82,85;83,85;82,39;83,47;83,47;76814
Mar 18, 2024;81,03;83,09;81,01;82,72;82,72;84718
Mar 15, 2024;81,14;81,45;80,49;81,04;81,04;185078
Mar 14, 2024;79,63;81,62;79,57;81,26;81,26;297450
Mar 13, 2024;78,06;79,9;77,57;79,72;79,72;316390
Mar 12, 2024;78,09;78,73;77,34;77,56;77,56;309922
Mar 11, 2024;77,8;78,47;76,79;77,93;77,93;329873
Mar 08, 2024;79,51;79,99;77,56;78,01;78,01;347533
Mar 07, 2024;79,13;79,53;78,02;78,93;78,93;432923
Mar 06, 2024;78,15;80,67;77,99;79,13;79,13;371049
Mar 05, 2024;78,74;79,49;77,52;78,15;78,15;436521
Mar 04, 2024;80,14;80,41;78,56;78,74;78,74;347214
Mar 01, 2024;78,28;80,85;78,05;79,97;79,97;363417
Feb 29, 2024;78,2;79,28;77,94;78,26;78,26;317939
Feb 28, 2024;78,48;79,62;77,78;78,54;78,54;330043
Feb 27, 2024;77,62;79;77,17;78,87;78,87;269236
Feb 26, 2024;76,4;78,03;75,84;77,58;77,58;274710
Feb 23, 2024;78,37;78,39;76,35;76,49;76,49;353437
Feb 22, 2024;78,09;78,92;77,23;78,61;78,61;330511
Feb 21, 2024;77,15;78,08;76,32;77,91;77,91;323243
Feb 20, 2024;78,98;79,8;77,67;78,18;78,18;435235
Feb 19, 2024;78,98;79,75;78,66;79,29;79,29;113713
Feb 16, 2024;78,11;79,35;77,22;79,19;79,19;113713
Feb 15, 2024;76,6;78,44;75,78;78,03;78,03;122432
Feb 14, 2024;77,81;78,77;76,38;76,64;76,64;296131
Feb 13, 2024;77,03;78,47;76,87;77,87;77,87;338174
Feb 12, 2024;76,6;77,09;75,54;76,92;76,92;248476
Feb 09, 2024;76,42;77,29;75,93;76,84;76,84;302612
Feb 08, 2024;74,08;76,59;73,56;76,22;76,22;377906
Feb 07, 2024;73,5;74,22;73,23;73,86;73,86;294955
Feb 06, 2024;72,76;73,82;72,38;73,31;73,31;310955
Feb 05, 2024;72,75;73,28;71,41;72,78;72,78;350843
Feb 02, 2024;73,91;74,52;71,79;72,28;72,28;467768
Feb 01, 2024;75,96;76,95;73,7;73,82;73,82;577936
Jan 31, 2024;77,84;78,11;75,52;75,85;75,85;344493
Jan 30, 2024;77,02;78,14;75,85;77,82;77,82;347242
Jan 29, 2024;78,9;79,29;76,41;76,78;76,78;331925
Jan 26, 2024;77,15;78,26;76,06;78,01;78,01;365456
Jan 25, 2024;75,3;77,51;75,16;77,36;77,36;320177
Jan 24, 2024;74,57;75,83;73,94;75,09;75,09;323726
Jan 23, 2024;74,68;75,25;73,41;74,37;74,37;306060
Jan 22, 2024;73,41;75,75;72,89;75,19;75,19;372284
Jan 19, 2024;74,08;74,91;73,2;73,41;73,41;78234
Jan 18, 2024;72,78;74,38;72,18;74,08;74,08;86646
Jan 17, 2024;72;72,95;70,5;72,56;72,56;315679
Jan 16, 2024;72,63;73,56;71,23;72,4;72,4;430437
Jan 12, 2024;73,01;75,25;72,36;72,68;72,68;403636
Jan 11, 2024;71,33;73,81;71,17;72,02;72,02;373645
Jan 10, 2024;72,17;73,59;71,01;71,37;71,37;352772
Jan 09, 2024;70,91;72,93;70,47;72,24;72,24;363445
Jan 08, 2024;73,51;73,95;70,13;70,77;70,77;392249
Jan 05, 2024;72,4;74,24;72,21;73,81;73,81;325525
Jan 04, 2024;73,04;74;71,06;72,19;72,19;344467
Jan 03, 2024;70,5;73,23;69,28;72,7;72,7;334861
Jan 02, 2024;71,71;73,64;70,06;70,38;70,38;330992
Dec 29, 2023;71,99;72,62;71,25;71,65;71,65;214486
Dec 28, 2023;73,8;74,4;71,72;71,77;71,77;262748
Dec 27, 2023;75,32;75,66;73,77;74,11;74,11;253323
Dec 26, 2023;73,56;76,18;73,13;75,57;75,57;208715
Dec 22, 2023;73,91;74,98;73,39;73,56;73,56;222600
Dec 21, 2023;73,81;74,58;72,44;73,89;73,89;251982
Dec 20, 2023;74,06;75,37;73,6;74,22;74,22;273364
Dec 19, 2023;72,48;74,01;71,85;73,44;73,44;230042
Dec 18, 2023;71,68;74,26;70,64;72,47;72,47;73941
Dec 15, 2023;71,61;72,22;70,3;71,43;71,43;95513
Dec 14, 2023;69,85;72,46;69,54;71,58;71,58;275688
Dec 13, 2023;68,73;69,89;67,71;69,47;69,47;306996
Dec 12, 2023;71,43;71,96;68,22;68,61;68,61;324530
Dec 11, 2023;71,15;71,81;70,35;71,32;71,32;274414
Dec 08, 2023;69,76;71,63;69,5;71,23;71,23;302250
Dec 07, 2023;69,28;70,48;68,8;69,34;69,34;339000
Dec 06, 2023;72,1;72,6;69,11;69,38;69,38;436803
Dec 05, 2023;73,3;74,12;72,02;72,32;72,32;358703
Dec 04, 2023;74,58;75,03;72,63;73,04;73,04;388832
Dec 01, 2023;75,59;76,76;73,93;74,07;74,07;358976
Nov 30, 2023;77,75;79,6;75,05;75,96;75,96;559169
Nov 29, 2023;76,56;78,09;75,67;77,86;77,86;322170
Nov 28, 2023;75,07;77,02;74,64;76,41;76,41;286618
Nov 27, 2023;75,31;76,23;74,06;74,86;74,86;289562
Nov 24, 2023;76,79;77,09;75,07;75,54;75,54;281147
Nov 23, 2023;76,79;76,81;75,3;76,35;76,35;389325
Nov 22, 2023;77,77;77,97;73,79;77,1;77,1;389325
Nov 21, 2023;77,65;77,92;76,92;77,77;77,77;238629
Nov 20, 2023;75,65;78,22;75,65;77,6;77,6;270638
Nov 17, 2023;72,97;75,99;72,75;75,89;75,89;101484
Nov 16, 2023;76,6;76,63;72,16;72,9;72,9;125165
Nov 15, 2023;78,17;78,77;76,31;76,66;76,66;282301
Nov 14, 2023;78,53;79,77;77,79;78,26;78,26;263002
Nov 13, 2023;77,15;78,64;76,21;78,26;78,26;262903
Nov 10, 2023;75,59;77,73;75,31;77,17;77,17;266998
Nov 09, 2023;75,65;77,16;75,21;75,74;75,74;303430
Nov 08, 2023;77,12;77,53;74,91;75,33;75,33;429647
Nov 07, 2023;80,93;81,05;77,09;77,37;77,37;396289
Nov 06, 2023;81,13;82,24;80,66;80,82;80,82;271131
Nov 03, 2023;82,58;83,6;80,1;80,51;80,51;457281
Nov 02, 2023;80,82;82,83;80,22;82,46;82,46;307122
Nov 01, 2023;81,48;83,42;80,3;80,44;80,44;321592
Oct 31, 2023;82,59;83,37;80,74;81,02;81,02;346007
Oct 30, 2023;85;85,3;81,82;82,31;82,31;356928
Oct 27, 2023;83,53;85,9;83,1;85,54;85,54;333760
Oct 26, 2023;85,37;85,59;82,56;83,21;83,21;341792
Oct 25, 2023;83,69;85,56;82,08;85,39;85,39;429459
Oct 24, 2023;86,15;86,3;82,94;83,74;83,74;370591
Oct 23, 2023;88;88,29;85,35;85,49;85,49;315517
Oct 20, 2023;90,28;90,78;88,33;88,75;88,75;311917
Oct 19, 2023;88,24;90,68;86,6;89,37;89,37;72058
Oct 18, 2023;87,81;89,88;87,2;88,32;88,32;92797
Oct 17, 2023;87,06;87,75;85,6;86,66;86,66;197124
Oct 16, 2023;87,72;88,33;86,32;86,66;86,66;235780
Oct 13, 2023;83,51;87,83;83,35;87,69;87,69;356863
Oct 12, 2023;83,2;85,2;82,31;82,91;82,91;373492
Oct 11, 2023;85,96;86,51;83,11;83,49;83,49;425395
Oct 10, 2023;86,43;86,74;85,12;85,97;85,97;337654
Oct 09, 2023;85,25;87,24;84,67;86,38;86,38;435037
Oct 06, 2023;82,28;83,28;81,5;82,79;82,79;461139
Oct 05, 2023;84,45;84,92;82,15;82,31;82,31;465997
Oct 04, 2023;89,42;89,59;84,16;84,22;84,22;459995
Oct 03, 2023;88,67;90,27;87,76;89,23;89,23;350659
Oct 02, 2023;90,82;91,88;88,46;88,82;88,82;334493
Sep 29, 2023;91,76;93,1;90,35;90,79;90,79;355782
Sep 28, 2023;93,78;95,03;91,39;91,71;91,71;406709
Sep 27, 2023;90,53;94,17;90,4;93,68;93,68;504630
Sep 26, 2023;89,88;90,74;88,19;90,39;90,39;318016
Sep 25, 2023;90,55;90,83;89,03;89,68;89,68;328369
Sep 22, 2023;89,62;91,33;89,31;90,03;90,03;402087
Sep 21, 2023;89,3;90,98;88,37;89,63;89,63;351032
Sep 20, 2023;91,55;91,98;89,87;90,28;90,28;457854
Sep 19, 2023;92,22;93,74;91,07;91,2;91,2;94597
Sep 18, 2023;91,2;92,43;90,75;91,48;91,48;119258
Sep 15, 2023;90,67;91,23;89,22;90,77;90,77;315003
Sep 14, 2023;88,81;90,79;88,68;90,16;90,16;325270
Sep 13, 2023;88,75;89,64;88,29;88,52;88,52;345972
Sep 12, 2023;87,27;89,37;87,22;88,84;88,84;341137
Sep 11, 2023;87,4;88,15;86,71;87,29;87,29;292388
Sep 08, 2023;86,78;87,95;86,15;87,51;87,51;294437
Sep 07, 2023;87,54;87,74;86,39;86,87;86,87;270736
Sep 06, 2023;86,72;88,08;85,93;87,54;87,54;307115
Sep 05, 2023;86,06;88,07;85,02;86,69;86,69;452908
Sep 01, 2023;83,63;86,06;83,46;85,55;85,55;420461
Aug 31, 2023;81,7;83,69;81,48;83,63;83,63;368848
Aug 30, 2023;81,29;82,05;80,88;81,63;81,63;299418
Aug 29, 2023;79,98;81,41;79,34;81,16;81,16;284168
Aug 28, 2023;80,15;80,87;79,61;80,1;80,1;246584
Aug 25, 2023;78,88;80,45;78,14;79,83;79,83;411409
Aug 24, 2023;78,57;79,28;77,59;79,05;79,05;349230
Aug 23, 2023;79,64;79,91;77,62;78,89;78,89;378146
Aug 22, 2023;80,8;80,99;80,1;80,35;80,35;287489
Aug 21, 2023;81,43;82,47;80,61;80,72;80,72;115874
Aug 18, 2023;80,04;81,61;79,59;81,25;81,25;128090
Aug 17, 2023;79,25;81,08;78,95;80,39;80,39;235581
Aug 16, 2023;81,23;81,43;79,05;79,38;79,38;325403
Aug 15, 2023;82,52;82,91;80,4;80,99;80,99;303207
Aug 14, 2023;83,09;83,2;81,76;82,51;82,51;277352
Aug 11, 2023;82,83;83,81;82,23;83,19;83,19;331254
Aug 10, 2023;84,25;84,89;82,58;82,82;82,82;362188
Aug 09, 2023;82,88;84,65;82,67;84,4;84,4;478140
Aug 08, 2023;82,53;83,08;79,9;82,92;82,92;424545
Aug 07, 2023;82,82;83,3;81,52;81,94;81,94;293036
Aug 04, 2023;81,73;83,24;81,51;82,82;82,82;320873
Aug 03, 2023;79,77;81,86;78,69;81,55;81,55;402641
Aug 02, 2023;82,05;82,43;79,05;79,49;79,49;414825
Aug 01, 2023;81,73;82,22;80,59;81,37;81,37;307859
Jul 31, 2023;80,65;82;80,13;81,8;81,8;297270
Jul 28, 2023;79,84;80,71;79,07;80,58;80,58;299547
Jul 27, 2023;78,9;80,6;78,87;80,09;80,09;374358
Jul 26, 2023;79,34;79,77;78,55;78,78;78,78;322031
Jul 25, 2023;78,85;79,9;78,29;79,63;79,63;349600
Jul 24, 2023;77,01;79,28;76,44;78,74;78,74;368285
Jul 21, 2023;75,7;77,29;75,69;77,07;77,07;308106
Jul 20, 2023;75,35;76,15;74,72;75,63;75,63;340962
Jul 19, 2023;75,84;76,97;75,07;75,35;75,35;92920
Jul 18, 2023;74,18;75,96;73,88;75,75;75,75;125092
Jul 17, 2023;75,02;76,09;73,84;74,15;74,15;244785
Jul 14, 2023;77,16;77,3;75,11;75,42;75,42;299576
Jul 13, 2023;75,85;77,33;75,32;76,89;76,89;379728
Jul 12, 2023;74,83;76,15;74,67;75,75;75,75;352887
Jul 11, 2023;73,19;74,96;72,98;74,83;74,83;326883
Jul 10, 2023;73,86;74,15;72,67;72,99;72,99;301014
Jul 07, 2023;71,89;73,92;71,19;73,86;73,86;362632
Jul 06, 2023;71,8;72,34;70,22;71,8;71,8;395381
Jul 05, 2023;70,15;72,17;69,9;71,79;71,79;456809
Jul 03, 2023;70,45;71,77;69,69;69,79;69,79;303479
Jun 30, 2023;69,82;71,04;69,53;70,64;70,64;299873
Jun 29, 2023;69,25;70,6;68,93;69,86;69,86;292865
Jun 28, 2023;68,01;69,73;67,05;69,56;69,56;368295
Jun 27, 2023;69,49;70,15;67,5;67,7;67,7;384752
Jun 26, 2023;69,84;70,11;68,71;69,37;69,37;280116
Jun 23, 2023;69,53;69,65;67,35;69,16;69,16;322475
Jun 22, 2023;72,43;72,65;68,93;69,51;69,51;421348
Jun 21, 2023;70,9;72,72;70,8;72,53;72,53;264656
Jun 20, 2023;71,45;72,09;69,65;70,5;70,5;430492
Jun 16, 2023;70,55;71,89;69,95;71,78;71,78;99185
Jun 15, 2023;68,7;70,96;67,97;70,62;70,62;115613
Jun 14, 2023;69,35;70,49;68,07;68,27;68,27;304449
Jun 13, 2023;67,31;69,83;67,15;69,42;69,42;366354
Jun 12, 2023;70,27;70,33;66,8;67,12;67,12;404769
Jun 09, 2023;70,94;71,77;70,1;70,17;70,17;300724
Jun 08, 2023;72,47;73,28;69,03;71,29;71,29;485396
Jun 07, 2023;71,56;73,19;71,01;72,53;72,53;299127
Jun 06, 2023;71,99;72,33;70,13;71,74;71,74;314962
Jun 05, 2023;75,03;75,06;71,73;72,15;72,15;383943
Jun 02, 2023;70,21;72,17;70;71,74;71,74;322596
Jun 01, 2023;67,6;71,07;67,51;70,1;70,1;395393
May 31, 2023;69,62;69,69;67,03;68,09;68,09;444787
May 30, 2023;73,23;73,55;69,02;69,46;69,46;440862
May 26, 2023;71,89;73,05;71,49;72,67;72,67;261498
May 25, 2023;74,21;74,37;70,98;71,83;71,83;422637
May 24, 2023;73,77;74,73;73,13;74,34;74,34;386611
May 23, 2023;72,1;73,79;71,71;72,91;72,91;317586
May 22, 2023;71,7;72,36;70,55;71,99;71,99;263977
May 19, 2023;71,94;73,4;71,03;71,55;71,55;69949
May 18, 2023;72,75;72,87;71,42;71,86;71,86;80864
May 17, 2023;70,6;73,26;70,04;72,83;72,83;273708
May 16, 2023;71,32;71,79;70,45;70,86;70,86;232328
May 15, 2023;70,04;71,69;69,41;71,11;71,11;259013
May 12, 2023;71,42;71,78;69,93;70,04;70,04;275435
May 11, 2023;72,77;73,5;70,63;70,87;70,87;365892
May 10, 2023;73,58;73,89;71,8;72,56;72,56;351506
May 09, 2023;72,84;73,78;71,34;73,71;73,71;317493
May 08, 2023;71,35;73,69;71,04;73,16;73,16;290076
May 05, 2023;68,7;71,81;68,48;71,34;71,34;330585
May 04, 2023;68,16;69,84;63,64;68,56;68,56;412495
May 03, 2023;71,56;71,79;67,95;68,6;68,6;490523
May 02, 2023;75,76;76,11;71,42;71,66;71,66;417820
May 01, 2023;76,66;76,69;74,53;75,66;75,66;215017
Apr 28, 2023;74,91;76,92;73,93;76,78;76,78;328399
Apr 27, 2023;74,38;75,28;74,03;74,76;74,76;345880
Apr 26, 2023;77,08;77,93;74,05;74,3;74,3;497778
Apr 25, 2023;78,74;79,07;76,5;77,07;77,07;361646
Apr 24, 2023;77,97;79,18;76,72;78,76;78,76;306720
Apr 21, 2023;77,13;78,39;76,72;77,87;77,87;291114
Apr 20, 2023;78,87;78,89;76,97;77,29;77,29;361413
Apr 19, 2023;80,92;81,18;78,46;79,16;79,16;78310
Apr 18, 2023;81;81,48;79,87;80,86;80,86;96290
Apr 17, 2023;82,48;82,71;80,47;80,83;80,83;217048
Apr 14, 2023;82,4;83,12;81,76;82,52;82,52;275129
Apr 13, 2023;83,22;83,44;82,11;82,16;82,16;261230
Apr 12, 2023;81,44;83,53;81,28;83,26;83,26;356133
Apr 11, 2023;79,88;81,59;79,37;81,53;81,53;309683
Apr 10, 2023;80,5;81,22;79,61;79,74;79,74;264906
Apr 06, 2023;80,37;80,96;79,65;80,7;80,7;-
Apr 05, 2023;81,01;81,24;79,72;80,61;80,61;254974
Apr 04, 2023;80,44;81,81;79,61;80,71;80,71;343570
Apr 03, 2023;80,1;81,69;79;80,42;80,42;547126
Mar 31, 2023;74,37;75,72;73,77;75,67;75,67;304361
Mar 30, 2023;72,98;74,63;72,61;74,37;74,37;269743
Mar 29, 2023;73,61;74,37;72,76;72,97;72,97;312669
Mar 28, 2023;72,86;73,93;72,19;73,2;73,2;328472
Mar 27, 2023;69,42;73,1;69,13;72,81;72,81;353598
Mar 24, 2023;69,51;70,38;66,82;69,26;69,26;380852
Mar 23, 2023;69,95;71,67;69,14;69,96;69,96;335241
Mar 22, 2023;69,48;71,31;68,89;70,9;70,9;337639
Mar 21, 2023;67,62;69,6;66,77;69,33;69,33;409495
Mar 20, 2023;66,62;67,7;64,12;67,64;67,64;76873
Mar 17, 2023;68,26;69,64;65,17;66,74;66,74;152255
Mar 16, 2023;68,22;69,38;65,71;68,35;68,35;327120
Mar 15, 2023;71,56;72,56;65,65;67,61;67,61;555164
Mar 14, 2023;74,7;74,9;70,78;71,33;71,33;432858
Mar 13, 2023;76,6;77,47;72,3;74,8;74,8;457423
Mar 10, 2023;75,65;77,11;74,77;76,68;76,68;371834
Mar 09, 2023;76,5;78,06;75,43;75,72;75,72;349960
Mar 08, 2023;77,32;77,73;76,11;76,66;76,66;335930
Mar 07, 2023;80,5;80,94;77,06;77,58;77,58;398241
Mar 06, 2023;79,92;80,63;78,32;80,46;80,46;292351
Mar 03, 2023;77,89;79,9;75,83;79,68;79,68;374201
Mar 02, 2023;77,74;78,59;77,23;78,16;78,16;260331
Mar 01, 2023;76,85;77,85;76,12;77,69;77,69;342121
Feb 28, 2023;75,76;77,83;75,55;77,05;77,05;300093
Feb 27, 2023;76,42;76,82;74,99;75,68;75,68;266091
Feb 24, 2023;75,6;76,63;74,09;76,32;76,32;329254
Feb 23, 2023;73,92;75,99;73,83;75,39;75,39;333838
Feb 22, 2023;76,11;76,55;73,8;73,95;73,95;332018
Feb 21, 2023;76,53;77,51;75,69;76,16;76,16;402351
Feb 17, 2023;78,07;78,25;75,06;76,34;76,34;93267
Feb 16, 2023;78,54;79,54;77,92;78,49;78,49;117600
Feb 15, 2023;78,83;79,15;77,25;78,59;78,59;264486
Feb 14, 2023;79,06;79,61;77,46;79,06;79,06;299938
Feb 13, 2023;79,94;80,62;78,45;80,14;80,14;301299
Feb 10, 2023;77,68;80,33;77,47;79,72;79,72;356062
Feb 09, 2023;78,45;78,84;76,52;78,06;78,06;324156
Feb 08, 2023;77,49;78,57;77,08;78,47;78,47;353468
Feb 07, 2023;74,57;77,6;74,35;77,14;77,14;408279
Feb 06, 2023;73,23;74,51;72,25;74,11;74,11;380028
Feb 03, 2023;75,92;78;73,1;73,39;73,39;413414
Feb 02, 2023;76,79;77,24;74,97;75,88;75,88;339755
Feb 01, 2023;79,06;79,73;76,05;76,41;76,41;360859
Jan 31, 2023;77,91;79,25;76,55;78,87;78,87;312734
Jan 30, 2023;80,04;80,49;77,66;77,9;77,9;327426
Jan 27, 2023;81,22;82,48;79,04;79,68;79,68;367588
Jan 26, 2023;80,48;82,14;79,92;81,01;81,01;291060
Jan 25, 2023;80,26;81,23;79,45;80,15;80,15;297234
Jan 24, 2023;81,62;82,22;79,66;80,13;80,13;288207
Jan 23, 2023;81,79;82,64;81,05;81,62;81,62;297076
Jan 20, 2023;80,6;81,64;79,69;81,31;81,31;300145
Jan 19, 2023;79,14;81,18;78,13;80,33;80,33;58863
Jan 18, 2023;80,97;82,38;78,94;79,48;79,48;92549
Jan 17, 2023;80,1;81,23;78,53;80,18;80,18;312275
Jan 13, 2023;78,32;80,11;77,97;79,86;79,86;283539
Jan 12, 2023;77,7;79,16;77,1;78,39;78,39;307705
Jan 11, 2023;74,78;77,84;74,31;77,41;77,41;350891
Jan 10, 2023;74,86;75,92;73,84;75,12;75,12;307430
Jan 09, 2023;73,47;76,74;73,47;74,63;74,63;329290
Jan 06, 2023;73,97;75,47;73,24;73,77;73,77;258128
Jan 05, 2023;73,25;74,92;72,46;73,67;73,67;300731
Jan 04, 2023;77,25;77,42;72,73;72,84;72,84;352434
Jan 03, 2023;80,57;81,5;76,6;76,93;76,93;338520
Dec 30, 2022;78,73;80,67;77,71;80,26;80,26;205909
Dec 29, 2022;78,82;78,82;76,79;78,4;78,4;199858
Dec 28, 2022;79,89;79,92;77,3;78,96;78,96;207717
Dec 27, 2022;79,9;81,18;79,16;79,53;79,53;199601
Dec 23, 2022;78,18;80,33;77,98;79,56;79,56;237711
Dec 22, 2022;78,43;79,9;77,03;77,49;77,49;219142
Dec 21, 2022;75,99;78,61;75,8;78,29;78,29;234624
Dec 20, 2022;75,7;76,75;74,31;76,09;76,09;254792
Dec 19, 2022;74,5;76,41;73,81;75,19;75,19;69348
Dec 16, 2022;76,37;76,57;73,33;74,29;74,29;99205
Dec 15, 2022;77,37;77,77;75,33;76,11;76,11;224663
Dec 14, 2022;75,27;77,75;74,9;77,28;77,28;292488
Dec 13, 2022;73,29;76,37;73,21;75,39;75,39;352858
Dec 12, 2022;71,79;73,99;70,25;73,17;73,17;323553
Dec 09, 2022;71,85;72,92;70,08;71,02;71,02;356722
Dec 08, 2022;72,38;75,44;71,12;71,46;71,46;474459
Dec 07, 2022;74,55;75,38;71,75;72,01;72,01;392236
Dec 06, 2022;77,35;77,88;73,41;74,25;74,25;380598
Dec 05, 2022;79,99;82,72;76,77;76,93;76,93;346657
Dec 02, 2022;81,47;82,22;79,65;79,98;79,98;280235
Dec 01, 2022;80,4;83,34;79,93;81,22;81,22;321432
Nov 30, 2022;79;81,38;78,4;80,55;80,55;287534
Nov 29, 2022;76,54;79,65;76,29;78,2;78,2;381869
Nov 28, 2022;75,93;77,84;73,6;77,24;77,24;405033
Nov 25, 2022;77,51;79,9;76,22;76,28;76,28;266451
Nov 23, 2022;81,08;81,95;76,83;77,94;77,94;379145
Nov 22, 2022;80,22;82,36;79,85;80,95;80,95;269615
Nov 21, 2022;80,3;80,3;75,08;79,73;79,73;475104
Nov 18, 2022;82,09;82,64;77,24;80,08;80,08;96583
Nov 17, 2022;85,22;85,45;81,4;81,64;81,64;138476
Nov 16, 2022;86,89;87,51;84,2;85,59;85,59;225668
Nov 15, 2022;85,25;88,68;84,06;86,92;86,92;331709
Nov 14, 2022;89,02;89,84;85,15;85,87;85,87;315450
Nov 11, 2022;86,27;90,1;86,18;88,96;88,96;301664
Nov 10, 2022;85,85;87,35;84,7;86,47;86,47;340007
Nov 09, 2022;88,57;89,24;85,5;85,83;85,83;388301
Nov 08, 2022;91,87;92,17;88,52;88,91;88,91;344223
Nov 07, 2022;91;93,74;90,4;91,79;91,79;322419
Nov 04, 2022;87,9;92,87;87,82;92,61;92,61;354060
Nov 03, 2022;89,35;89,67;87,6;88,17;88,17;239816
Nov 02, 2022;88,62;90,36;87,72;90;90;280961
Nov 01, 2022;86,43;89,45;85,92;88,37;88,37;274321
Oct 31, 2022;88,39;88,65;85,3;86,53;86,53;285342
Oct 28, 2022;88,67;88,76;87,08;87,9;87,9;263404
Oct 27, 2022;88,26;89,79;87,33;89,08;89,08;292556
Oct 26, 2022;85,07;88,41;84,14;87,91;87,91;287182
Oct 25, 2022;84,88;86,03;83,06;85,32;85,32;240441
Oct 24, 2022;85,24;85,92;82,63;84,58;84,58;250726
Oct 21, 2022;85,07;85,9;83,15;85,05;85,05;272803
Oct 20, 2022;85,94;88,17;85,22;85,98;85,98;338344
Oct 19, 2022;83,69;86,2;82,59;85,55;85,55;71309
Oct 18, 2022;85,7;86,51;82,09;82,82;82,82;97304
Oct 17, 2022;85,59;87,12;84,61;85,46;85,46;172020
Oct 14, 2022;89,27;89,73;85,2;85,61;85,61;237026
Oct 13, 2022;87,08;89,66;85,56;89,11;89,11;298032
Oct 12, 2022;88,67;90,07;86,28;87,27;87,27;332271
Oct 11, 2022;91,14;91,35;87,91;89,35;89,35;333158
Oct 10, 2022;93,48;93,64;90,54;91,13;91,13;289508
Oct 07, 2022;88,93;93,31;88;92,64;92,64;429162
Oct 06, 2022;88,08;89,07;87,04;88,45;88,45;235296
Oct 05, 2022;86,37;88,42;85,42;87,76;87,76;329790
Oct 04, 2022;83,22;86,98;83,22;86,52;86,52;302549
Oct 03, 2022;81,02;84,56;80,87;83,63;83,63;287168
Sep 30, 2022;81,74;82,56;79,14;79,49;79,49;253154
Sep 29, 2022;81,9;82,94;80,34;81,23;81,23;286126
Sep 28, 2022;78,08;82,34;76,55;82,15;82,15;324678
Sep 27, 2022;76,47;79,51;76,42;78,5;78,5;283614
Sep 26, 2022;79,23;80,31;76,25;76,71;76,71;280927
Sep 23, 2022;83,54;83,92;78,04;78,74;78,74;334271
Sep 22, 2022;83,07;86;82,4;83,49;83,49;303492
Sep 21, 2022;84,25;86,68;82,49;82,94;82,94;339683
Sep 20, 2022;85,61;86,45;83,52;84,45;84,45;279813
Sep 19, 2022;85,21;86,22;82,1;85,73;85,73;59626
Sep 16, 2022;85,16;86,59;84,27;85,11;85,11;87829
Sep 15, 2022;88,91;89,15;84,53;85,1;85,1;235358
Sep 14, 2022;87,94;90,19;86,18;88,48;88,48;335381
Sep 13, 2022;88,09;89,31;85,06;87,31;87,31;347998
Sep 12, 2022;86,25;89,1;85,16;87,78;87,78;275104
Sep 09, 2022;82,8;87,2;82,71;86,79;86,79;305188
Sep 08, 2022;81,91;84,25;81,2;83,54;83,54;342763
Sep 07, 2022;86,93;87,76;81,5;81,94;81,94;380781
Sep 06, 2022;86,84;90,39;86,18;86,88;86,88;420255
Sep 02, 2022;86,56;89,66;86,35;86,87;86,87;277533
Sep 01, 2022;88,83;89,63;85,98;86,61;86,61;305106
Aug 31, 2022;92,31;92,73;88,27;89,55;89,55;344147
Aug 30, 2022;96,9;97,66;90,54;91,64;91,64;386272
Aug 29, 2022;92,96;97,37;92,29;97,01;97,01;283463
Aug 26, 2022;93,06;94,02;91,08;93,06;93,06;288392
Aug 25, 2022;95,35;95,76;92,29;92,52;92,52;279877
Aug 24, 2022;93,78;95,4;92,79;94,89;94,89;320388
Aug 23, 2022;90,55;94,22;90,42;93,74;93,74;285607
Aug 22, 2022;89,65;91,26;86,6;90,23;90,23;352665
Aug 19, 2022;90,39;92,09;88,38;90,77;90,77;58714
Aug 18, 2022;87,39;91,46;87,32;90,5;90,5;80029
Aug 17, 2022;87,1;89,16;85,88;88,11;88,11;230346
Aug 16, 2022;87,93;90,65;85,73;86,53;86,53;305366
Aug 15, 2022;91,94;92,1;86,82;89,41;89,41;275443
Aug 12, 2022;94,09;94,81;91,16;92,09;92,09;264953
Aug 11, 2022;91,55;95,05;91,24;94,34;94,34;341234
Aug 10, 2022;90,51;92,43;87,66;91,93;91,93;383766
Aug 09, 2022;90,69;92,65;89,05;90,5;90,5;347045
Aug 08, 2022;88,46;90,89;87,22;90,76;90,76;340157
Aug 05, 2022;88,06;90,76;87,01;89,01;89,01;350016
Aug 04, 2022;90,95;91,9;87,55;88,54;88,54;334931
Aug 03, 2022;93,83;96,57;90,38;90,66;90,66;395099
Aug 02, 2022;93,75;96,47;92,59;94,42;94,42;328538
Aug 01, 2022;98,46;98,65;92,42;93,89;93,89;365293
Jul 29, 2022;97,3;101,88;96,41;98,62;98,62;349374
Jul 28, 2022;98,17;99,84;96,04;96,42;96,42;318403
Jul 27, 2022;95,6;98,59;94,3;97,26;97,26;321903
Jul 26, 2022;96,33;99;94,76;94,98;94,98;310043
Jul 25, 2022;95,1;96,94;93,01;96,7;96,7;278998
Jul 22, 2022;96,51;97,95;94,23;94,7;94,7;307568
Jul 21, 2022;99,91;99,99;94,59;96,35;96,35;318911
Jul 20, 2022;103,6;104,39;101,51;102,26;102,26;315620
Jul 19, 2022;102;104,46;99,85;104,22;104,22;63149
Jul 18, 2022;97,27;102,8;95,85;102,6;102,6;84669
Jul 15, 2022;96,39;99,03;94,57;97,59;97,59;240766
Jul 14, 2022;96,57;97;90,56;95,78;95,78;387528
Jul 13, 2022;95,89;97,96;93,67;96,3;96,3;347193
Jul 12, 2022;103,46;103,49;95,35;95,84;95,84;398552
Jul 11, 2022;104,79;105,05;100,89;104,09;104,09;348566
Jul 08, 2022;102,22;105,24;101,51;104,79;104,79;327461
Jul 07, 2022;98,22;104,48;96,57;102,73;102,73;379861
Jul 06, 2022;100,36;102,14;95,1;98,53;98,53;444106
Jul 05, 2022;108,8;111,45;97,43;99,5;99,5;594215
Jul 01, 2022;106,01;109,34;104,56;108,43;108,43;305338
Jun 30, 2022;109,7;110,45;105,1;105,76;105,76;362890
Jun 29, 2022;111,86;114,05;109,22;109,78;109,78;322060
Jun 28, 2022;110,18;112,22;109,62;111,76;111,76;306748
Jun 27, 2022;107,22;110,54;105,6;109,57;109,57;282914
Jun 24, 2022;103,99;108,58;103,64;107,62;107,62;321591
Jun 23, 2022;104,42;107,05;102,32;104,27;104,27;346362
Jun 22, 2022;109,54;109,76;101,53;106,19;106,19;432724
Jun 21, 2022;110,58;112,47;108,72;110,65;110,65;427262
Jun 17, 2022;117,08;118,97;108,25;109,56;109,56;103149
Jun 16, 2022;115,98;118,08;112,31;117,59;117,59;162543
Jun 15, 2022;119,07;119,61;114,6;115,31;115,31;301750
Jun 14, 2022;121,09;123,68;116,62;118,93;118,93;366320
Jun 13, 2022;120,19;122,25;117,47;120,93;120,93;372403
Jun 10, 2022;121,46;122,75;118,33;120,67;120,67;352906
Jun 09, 2022;122,43;122,72;120,79;121,51;121,51;293295
Jun 08, 2022;119,79;123,18;119,3;122,11;122,11;340591
Jun 07, 2022;119,1;120,36;117,14;119,41;119,41;341694
Jun 06, 2022;120,82;120,99;117,63;118,5;118,5;246825
Jun 03, 2022;117,55;120,46;115,23;118,87;118,87;240831
Jun 02, 2022;114,8;117,77;111,2;116,87;116,87;327600
Jun 01, 2022;115,4;117,87;114,58;115,26;115,26;290530
May 31, 2022;114,96;119,98;114,15;114,67;114,67;440796
May 27, 2022;114,2;115,3;112,85;115,07;115,07;217281
May 26, 2022;110,69;114,83;110,27;114,09;114,09;234752
May 25, 2022;110,39;111,68;109,23;110,33;110,33;191370
May 24, 2022;110,41;111,43;108,61;109,77;109,77;224794
May 23, 2022;110,56;111,96;109,15;110,29;110,29;215623
May 20, 2022;111,45;114,04;110,85;113,23;113,23;229930
May 19, 2022;109,09;112,62;105,13;112,21;112,21;68511
May 18, 2022;113,66;115,42;108,46;109,59;109,59;103669
May 17, 2022;113,87;115,56;111,75;112,4;112,4;252630
May 16, 2022;110,98;114,9;108,11;114,2;114,2;289127
May 13, 2022;106,65;110,64;106,29;110,49;110,49;240989
May 12, 2022;105,63;107,37;102,66;106,13;106,13;323547
May 11, 2022;99;106,44;98,2;105,71;105,71;382701
May 10, 2022;102,65;104,16;98,86;99,76;99,76;389750
May 09, 2022;110,43;110,49;102,13;103,09;103,09;368183
May 06, 2022;108,7;111,18;107,24;109,77;109,77;294278
May 05, 2022;107,58;111,37;106,45;108,26;108,26;286916
May 04, 2022;103,5;108,61;102,95;107,81;107,81;272909
May 03, 2022;105,08;105,8;102,1;102,41;102,41;239266
May 02, 2022;104;105,94;100,28;105,17;105,17;261878
Apr 29, 2022;105,17;107,99;103,78;104,69;104,69;294386
Apr 28, 2022;102,11;105,68;100,13;105,36;105,36;312064
Apr 27, 2022;101,76;102,99;99,8;102,02;102,02;278781
Apr 26, 2022;98,64;102,78;97,06;101,7;101,7;351850
Apr 25, 2022;101,38;101,55;95,28;98,54;98,54;328153
Apr 22, 2022;104,07;104,22;101,06;102,07;102,07;246116
Apr 21, 2022;102,5;105,42;102,01;103,79;103,79;280321
Apr 20, 2022;103,05;104,16;100,7;102,75;102,75;299028
Apr 19, 2022;107,75;108,92;102,1;102,56;102,56;71792
Apr 18, 2022;107,03;109,81;106;108,21;108,21;68489
Apr 14, 2022;104,2;107,64;102,12;106,95;106,95;244952
Apr 13, 2022;100,91;104,47;99,87;104,25;104,25;312502
Apr 12, 2022;95,17;101,35;94,84;100,6;100,6;329037
Apr 11, 2022;98,4;98,52;92,93;94,29;94,29;315873
Apr 08, 2022;97,17;98,76;95,29;98,26;98,26;310082
Apr 07, 2022;97,16;98,82;93,81;96,03;96,03;367318
Apr 06, 2022;101,24;104,02;95,73;96,23;96,23;366036
Apr 05, 2022;103,66;105,59;99,88;101,96;101,96;280283
Apr 04, 2022;98,95;103,94;98,05;103,28;103,28;288131
Apr 01, 2022;101,23;101,75;97,78;99,27;99,27;324777
Mar 31, 2022;107,45;107,8;99,66;100,28;100,28;450845
Mar 30, 2022;105,24;108,75;104,55;107,82;107,82;284544
Mar 29, 2022;103,47;107,84;98,44;104,24;104,24;387200
Mar 28, 2022;112,92;112,93;102,83;105,96;105,96;372251
Mar 25, 2022;111,75;114,12;108,68;113,9;113,9;320304
Mar 24, 2022;114,47;116,64;110,61;112,34;112,34;307238
Mar 23, 2022;108,85;115,4;108,38;114,93;114,93;289182
Mar 22, 2022;112,9;115,01;109,3;111,76;111,76;318629
Mar 21, 2022;105,13;112,69;104,08;112,12;112,12;77217
Mar 18, 2022;103,62;106,28;102,3;104,7;104,7;74247
Mar 17, 2022;95,34;104,24;94,85;102,98;102,98;210763
Mar 16, 2022;95,23;99,22;94,07;95,04;95,04;293947
Mar 15, 2022;102,28;102,58;93,53;96,44;96,44;401690
Mar 14, 2022;109,42;109,72;99,76;103,01;103,01;344184
Mar 11, 2022;105,99;110,29;104,48;109,33;109,33;368194
Mar 10, 2022;110,41;114,88;105,53;106,02;106,02;437924
Mar 09, 2022;124,66;126,84;103,63;108,7;108,7;594773
Mar 08, 2022;120,67;129,44;117,07;123,7;123,7;583106
Mar 07, 2022;121,33;130,5;115,54;119,4;119,4;576022
Mar 04, 2022;107,96;116,02;107,25;115,68;115,68;493875
Mar 03, 2022;111,33;116,57;106,43;107,67;107,67;592031
Mar 02, 2022;107,12;112,51;105,18;110,6;110,6;651853
Mar 01, 2022;96,09;106,78;95,32;103,41;103,41;698814
Feb 28, 2022;94,99;99,1;94,43;95,72;95,72;490796
Feb 25, 2022;93,32;95,64;90,06;91,59;91,59;523793
Feb 24, 2022;92,52;100,54;91,45;92,81;92,81;872244
Feb 23, 2022;91,74;93,9;90,64;92,1;92,1;440574
Feb 22, 2022;91,75;96;90,35;92,35;92,35;789041
Feb 18, 2022;91,63;92,66;89,03;91,07;91,07;150382
Feb 17, 2022;90,9;93,36;90,62;91,76;91,76;212552
Feb 16, 2022;92,21;95,01;90;93,66;93,66;401453
Feb 15, 2022;94,83;95,17;90,66;92,07;92,07;442641
Feb 14, 2022;93,91;95,82;92,09;95,46;95,46;467071
Feb 11, 2022;90;94,66;89,19;93,1;93,1;554423
Feb 10, 2022;90,01;91,74;89,03;89,88;89,88;492091
Feb 09, 2022;89,86;90,58;88,41;89,66;89,66;445618
Feb 08, 2022;91,64;91,68;88,51;89,36;89,36;467386
Feb 07, 2022;91,82;92,73;90,73;91,32;91,32;497754
Feb 04, 2022;90,19;93,17;90,07;92,31;92,31;410926
Feb 03, 2022;87,98;90,45;86,75;90,27;90,27;465771
Feb 02, 2022;88,35;89,72;87,1;88,26;88,26;456863
Feb 01, 2022;88,15;88,87;86,55;88,2;88,2;376841
Jan 31, 2022;87,45;88,39;86,34;88,15;88,15;359080
Jan 28, 2022;87,5;88,84;86,44;86,82;86,82;436172
Jan 27, 2022;87,15;88,54;86,2;86,61;86,61;427804
Jan 26, 2022;85,26;87,95;85,01;87,35;87,35;459642
Jan 25, 2022;84,15;85,71;82,99;85,6;85,6;507219
Jan 24, 2022;84,91;86,09;81,9;83,31;83,31;511695
Jan 21, 2022;84,57;85,56;82,78;85,14;85,14;509103
Jan 20, 2022;86,23;87,82;86;86,9;86,9;532202
Jan 19, 2022;86,61;87,91;85,77;86,96;86,96;113153
Jan 18, 2022;84,32;86,63;83,5;85,43;85,43;163643
Jan 14, 2022;81,73;84,45;81,58;83,82;83,82;364442
Jan 13, 2022;82,82;82,94;81,39;82,12;82,12;364769
Jan 12, 2022;81,38;83,1;81,17;82,64;82,64;420619
Jan 11, 2022;78,42;81,59;78,36;81,22;81,22;481815
Jan 10, 2022;78,88;79,45;77,83;78,23;78,23;389956
Jan 07, 2022;79,62;80,47;78,52;78,9;78,9;414434
Jan 06, 2022;77,24;80,24;76,73;79,46;79,46;476665
Jan 05, 2022;77,18;78,58;76,51;77,85;77,85;397898
Jan 04, 2022;76,02;77,64;75,7;76,99;76,99;372848
Jan 03, 2022;75,69;76,46;74,27;76,08;76,08;317628
Dec 31, 2021;76,66;77,08;74,95;75,21;75,21;237118
Dec 30, 2021;76,58;77,44;75,78;76,99;76,99;231163
Dec 29, 2021;76,04;77,37;75,36;76,56;76,56;283557
Dec 28, 2021;75,97;76,92;75,53;75,98;75,98;249728
Dec 27, 2021;73,38;76,09;72,57;75,57;75,57;268490
Dec 23, 2021;73,03;73,95;72,27;73,79;73,79;270223
Dec 22, 2021;71,27;73,16;70,8;72,76;72,76;306709
Dec 21, 2021;69,21;71,55;68,56;71,12;71,12;358779
Dec 20, 2021;70,07;70,07;66,04;68,23;68,23;492217
Dec 17, 2021;71,92;72,26;69,89;70,86;70,86;78125
Dec 16, 2021;71,48;72,99;71,03;72,38;72,38;142541
Dec 15, 2021;70,35;71,66;69,39;70,87;70,87;294337
Dec 14, 2021;71,12;72,03;69,51;70,73;70,73;359454
Dec 13, 2021;72,04;73;70,71;71,29;71,29;406604
Dec 10, 2021;70,68;72,33;70,32;71,67;71,67;397883
Dec 09, 2021;72,52;73,34;70,39;70,94;70,94;393205
Dec 08, 2021;71,86;73;70,91;72,36;72,36;464846
Dec 07, 2021;69,72;73,03;69,52;72,05;72,05;496528
Dec 06, 2021;67,02;70,15;66,72;69,49;69,49;401060
Dec 03, 2021;67,5;69,22;65,6;66,26;66,26;449974
Dec 02, 2021;65,63;67,49;62,43;66,5;66,5;668293
Dec 01, 2021;67,01;69,49;64,84;65,57;65,57;602447
Nov 30, 2021;70,04;71,22;64,43;66,18;66,18;722475
Nov 29, 2021;69,23;72,93;68,86;69,95;69,95;675090
Nov 26, 2021;78,34;78,65;67,4;68,15;68,15;844630
Nov 24, 2021;78,48;79,23;77,98;78,39;78,39;328848
Nov 23, 2021;76,46;78,86;75,3;78,5;78,5;506987
Nov 22, 2021;75,75;77,16;74,76;76,75;76,75;465768
Nov 19, 2021;78,76;79,92;75,37;76,1;76,1;623448
Nov 18, 2021;78,34;79,36;77,08;79,01;79,01;83984
Nov 17, 2021;80,54;80,69;77,69;78,36;78,36;174471
Nov 16, 2021;80,93;81,81;80,03;80,76;80,76;325668
Nov 15, 2021;80,66;81,2;79,3;80,88;80,88;343484
Nov 12, 2021;81,21;81,62;79,78;80,79;80,79;390304
Nov 11, 2021;81,41;82,33;80,2;81,59;81,59;475436
Nov 10, 2021;84,53;84,97;80,81;81,34;81,34;555215
Nov 09, 2021;82,16;84,63;81,78;84,15;84,15;504832
Nov 08, 2021;81,13;82,67;81,05;81,93;81,93;393953
Nov 05, 2021;79,37;81,8;78,96;81,27;81,27;531054
Nov 04, 2021;80,18;83,42;78,25;78,81;78,81;701119
Nov 03, 2021;83,07;83,08;79,69;80,86;80,86;546577
Nov 02, 2021;83,87;84,41;82,92;83,91;83,91;429608
Nov 01, 2021;83,36;84,88;82,74;84,05;84,05;412309
Oct 29, 2021;83,09;83,74;81,41;83,57;83,57;507309
Oct 28, 2021;82,25;83,21;80,58;82,81;82,81;491585
Oct 27, 2021;84,39;84,51;82,01;82,66;82,66;529952
Oct 26, 2021;83,72;84,88;82,97;84,65;84,65;467716
Oct 25, 2021;83,98;85,41;83,39;83,76;83,76;568725
Oct 22, 2021;82,61;84,22;81,76;83,76;83,76;465355
Oct 21, 2021;83,58;83,96;80,79;82,5;82,5;567503
Oct 20, 2021;83,34;84,25;81,3;83,87;83,87;530693
Oct 19, 2021;82,37;83,74;81,8;82,96;82,96;82607
Oct 18, 2021;82,6;83,87;81,84;82,44;82,44;134098
Oct 15, 2021;81,48;82,66;81,39;82,28;82,28;277953
Oct 14, 2021;80,59;81,68;80,38;81,31;81,31;399813
Oct 13, 2021;80,58;81,04;79,42;80,44;80,44;487220
Oct 12, 2021;80,5;81,62;79,47;80,64;80,64;598181
Oct 11, 2021;79,59;82,18;79,55;80,52;80,52;653756
Oct 08, 2021;78,86;80,11;78,63;79,35;79,35;662010
Oct 07, 2021;77;78,89;74,96;78,3;78,3;545008
Oct 06, 2021;79,04;79,78;76,83;77,43;77,43;459055
Oct 05, 2021;77,58;79,48;77,47;78,93;78,93;449617
Oct 04, 2021;75,9;78,38;75,32;77,62;77,62;458006
Oct 01, 2021;75,12;75,99;74,23;75,88;75,88;388996
Sep 30, 2021;74,78;76,07;73,14;75,03;75,03;583189
Sep 29, 2021;74,38;75,79;73,74;74,83;74,83;424193
Sep 28, 2021;75,43;76,67;74,24;75,29;75,29;476143
Sep 27, 2021;74,19;75,75;74,16;75,45;75,45;417829
Sep 24, 2021;73,24;74,27;72,81;73,98;73,98;350382
Sep 23, 2021;71,97;73,5;71,61;73,3;73,3;403405
Sep 22, 2021;70,85;72,3;70,64;72,23;72,23;381061
Sep 21, 2021;70,59;71,63;69,67;70,56;70,56;393403
Sep 20, 2021;71,92;72,08;69,86;70,29;70,29;75837
Sep 17, 2021;72,62;72,72;71,21;71,97;71,97;119933
Sep 16, 2021;72,65;72,99;71,53;72,61;72,61;298412
Sep 15, 2021;70,76;73,14;70,65;72,61;72,61;418665
Sep 14, 2021;70,64;71,22;69,98;70,46;70,46;414231
Sep 13, 2021;69,74;70,97;69,51;70,45;70,45;390939
Sep 10, 2021;67,97;69,96;67,68;69,72;69,72;411079
Sep 09, 2021;69,36;69,89;67,56;68,14;68,14;556451
Sep 08, 2021;68,37;69,75;68,31;69,3;69,3;389325
Sep 07, 2021;69,11;69,48;67,64;68,35;68,35;481704
Sep 03, 2021;69,76;70,53;69,05;69,29;69,29;313086
Sep 02, 2021;68,29;70,61;67,84;69,99;69,99;403314
Sep 01, 2021;68,55;69,24;67,12;68,59;68,59;399497
Aug 31, 2021;69,18;69,34;68,16;68,5;68,5;325853
Aug 30, 2021;69,3;69,64;67,67;69,21;69,21;360797
Aug 27, 2021;67,75;69,05;67,52;68,74;68,74;326056
Aug 26, 2021;68;68,31;67,02;67,42;67,42;344286
Aug 25, 2021;67,63;68,54;66,92;68,36;68,36;353742
Aug 24, 2021;65,54;67,8;65,41;67,54;67,54;335888
Aug 23, 2021;61,96;66;61,74;65,64;65,64;397290
Aug 20, 2021;64,05;64,1;62,11;62,32;62,32;365009
Aug 19, 2021;64,58;64,76;62,63;63,69;63,69;88237
Aug 18, 2021;66,58;67,48;64,34;65,46;65,46;121197
Aug 17, 2021;67,43;67,72;66,33;66,59;66,59;235303
Aug 16, 2021;68,13;68,14;65,73;67,29;67,29;334844
Aug 13, 2021;68,91;69,22;67,77;68,44;68,44;272033
Aug 12, 2021;69,36;69,62;68,46;69,09;69,09;352465
Aug 11, 2021;68,51;69,45;66,67;69,25;69,25;513292
Aug 10, 2021;66,85;68,9;66,56;68,29;68,29;452126
Aug 09, 2021;67,88;67,9;65,15;66,48;66,48;598381
Aug 06, 2021;69,14;70,18;67,8;68,28;68,28;537136
Aug 05, 2021;68,06;69,35;67,61;69,09;69,09;416331
Aug 04, 2021;70,32;70,81;67,85;68,15;68,15;582924
Aug 03, 2021;71,52;71,96;69,19;70,56;70,56;509938
Aug 02, 2021;73,91;73,95;70,55;71,26;71,26;448200
Jul 30, 2021;73,41;74,23;72,93;73,95;73,95;303700
Jul 29, 2021;72,4;73,68;72,26;73,62;73,62;294462
Jul 28, 2021;71,9;72,6;71,7;72,39;72,39;318911
Jul 27, 2021;72,22;72,33;71,08;71,65;71,65;333123
Jul 26, 2021;72,18;72,43;70,56;71,91;71,91;395743
Jul 23, 2021;71,71;72,21;71,39;72,07;72,07;274778
Jul 22, 2021;70,22;72,03;69,86;71,91;71,91;435181
Jul 21, 2021;66,45;70,51;66,44;70,3;70,3;503030
Jul 20, 2021;66,6;67,65;65,21;67,42;67,42;561629
Jul 19, 2021;71,49;71,67;65,63;66,42;66,42;82565
Jul 16, 2021;71,48;72,3;70,41;71,81;71,81;133926
Jul 15, 2021;72,96;72,96;71,4;71,65;71,65;368679
Jul 14, 2021;75,17;75,44;72,21;73,13;73,13;528360
Jul 13, 2021;74,18;75,52;73,68;75,25;75,25;444078
Jul 12, 2021;74,74;74,93;73,16;74,1;74,1;397931
Jul 09, 2021;73,26;74,76;72,72;74,56;74,56;422154
Jul 08, 2021;72,17;73,26;70,76;72,94;72,94;529690
Jul 07, 2021;73,85;74,86;71,07;72,2;72,2;607971
Jul 06, 2021;75,35;76,98;72,94;73,37;73,37;714044
Jul 02, 2021;75,02;75,62;74,41;75,16;75,16;377531
Jul 01, 2021;73,5;76,22;73,39;75,23;75,23;615678
Jun 30, 2021;73,47;74,14;72,82;73,47;73,47;383626
Jun 29, 2021;72,78;73,81;71,97;72,98;72,98;321448
Jun 28, 2021;73,99;74,45;72,62;72,91;72,91;354701
Jun 25, 2021;73,32;74,18;72,85;74,05;74,05;364721
Jun 24, 2021;73,28;73,61;72,32;73,3;73,3;334833
Jun 23, 2021;72,91;74,25;72,82;73,08;73,08;429207
Jun 22, 2021;73,41;73,95;72,94;73,06;73,06;498555
Jun 21, 2021;71,52;73,96;71,15;73,66;73,66;123662
Jun 18, 2021;71,1;72,17;70,16;71,64;71,64;139584
Jun 17, 2021;71,65;72,3;69,77;71,04;71,04;373780
Jun 16, 2021;72,45;72,99;71,61;72,15;72,15;426775
Jun 15, 2021;71,16;72,49;70,81;72,12;72,12;336035
Jun 14, 2021;70,65;71,78;70,65;70,88;70,88;319639
Jun 11, 2021;70,1;71,24;69,68;70,91;70,91;563575
Jun 10, 2021;69,76;70,65;68,68;70,29;70,29;492464
Jun 09, 2021;70,01;70,62;69,46;69,96;69,96;410820
Jun 08, 2021;69,29;70,27;68,47;70,05;70,05;441302
Jun 07, 2021;69,52;70;68,93;69,23;69,23;365621
Jun 04, 2021;68,91;69,76;68,33;69,62;69,62;326250
Jun 03, 2021;68,76;69,4;68,19;68,81;68,81;351367
Jun 02, 2021;67,99;69;67,78;68,83;68,83;332995
Jun 01, 2021;66,68;68,87;66,41;67,72;67,72;570985
May 28, 2021;66,95;67,52;66,17;66,32;66,32;390461
May 27, 2021;66,16;66,92;65,47;66,85;66,85;337542
May 26, 2021;66,04;66,43;65,25;66,21;66,21;376207
May 25, 2021;66,02;66,51;65,41;66,07;66,07;497394
May 24, 2021;63,87;66,14;63,63;66,05;66,05;466647
May 21, 2021;61,89;64,07;61,56;63,58;63,58;530831
May 20, 2021;63,39;63,96;61,89;62,05;62,05;524168
May 19, 2021;65,28;65,35;61,95;63,36;63,36;101902
May 18, 2021;66,33;67,01;64,11;65,49;65,49;167348
May 17, 2021;65,5;66,43;64,83;66,27;66,27;268476
May 14, 2021;63,83;65,62;63,33;65,37;65,37;383749
May 13, 2021;65,75;65,81;63,09;63,82;63,82;547691
May 12, 2021;65,46;66,63;64,97;66,08;66,08;508519
May 11, 2021;64,9;65,5;63,68;65,28;65,28;514949
May 10, 2021;65,57;65,75;63,95;64,92;64,92;448337
May 07, 2021;64,9;65,24;63,9;64,9;64,9;431417
May 06, 2021;65,27;65,98;64,5;64,71;64,71;389214
May 05, 2021;66,45;66,76;64,92;65,63;65,63;460066
May 04, 2021;64,53;66,19;64,29;65,69;65,69;370208
May 03, 2021;63,64;64,68;62,91;64,49;64,49;285969
Apr 30, 2021;64,88;64,95;63,08;63,58;63,58;400515
Apr 29, 2021;63,7;65,47;63,65;65,01;65,01;384489
Apr 28, 2021;63,04;64,53;62,67;63,86;63,86;387683
Apr 27, 2021;61,97;63,3;61,91;62,94;62,94;361536
Apr 26, 2021;62,06;62,31;60,66;61,91;61,91;366865
Apr 23, 2021;61,65;62,43;61,25;62,14;62,14;345407
Apr 22, 2021;61,11;61,87;60,61;61,43;61,43;344700
Apr 21, 2021;62,39;62,56;60,86;61,35;61,35;431486
Apr 20, 2021;63,47;64,25;61,5;62,44;62,44;476046
Apr 19, 2021;62,98;63,63;62,63;63,38;63,38;74384
Apr 16, 2021;63,32;63,88;62,83;63,13;63,13;87795
Apr 15, 2021;62,83;63,57;62,53;63,46;63,46;243370
Apr 14, 2021;60,44;63,44;60,38;63,15;63,15;419813
Apr 13, 2021;59,64;60,59;59,64;60,18;60,18;349733
Apr 12, 2021;59,35;60,77;58,73;59,7;59,7;410218
Apr 09, 2021;59,76;59,95;59,1;59,32;59,32;351436
Apr 08, 2021;59,52;59,93;58,82;59,6;59,6;419913
Apr 07, 2021;59,26;60,04;58,12;59,77;59,77;475537
Apr 06, 2021;58,8;60,9;58,62;59,33;59,33;457348
Apr 05, 2021;61,5;61,5;57,63;58,65;58,65;438864
Apr 01, 2021;59,49;61,75;58,86;61,45;61,45;605567
Mar 31, 2021;60,45;61,17;58,85;59,16;59,16;414162
Mar 30, 2021;61,96;62,27;59,94;60,55;60,55;388188
Mar 29, 2021;60,93;61,77;59,41;61,56;61,56;449360
Mar 26, 2021;58,48;61,36;58,32;60,97;60,97;471996
Mar 25, 2021;60,8;60,86;57,44;58,56;58,56;580105
Mar 24, 2021;57,4;61,34;57,29;61,18;61,18;566291
Mar 23, 2021;61,28;61,35;57,25;57,76;57,76;712317
Mar 22, 2021;61,55;61,9;60,39;61,55;61,55;404370
Mar 19, 2021;59,56;61,72;58,94;61,42;61,42;84171
Mar 18, 2021;64,42;64,82;58,2;60;60;143597
Mar 17, 2021;64,75;65,34;63,6;64,6;64,6;254724
Mar 16, 2021;65,33;65,43;63,8;64,8;64,8;317537
Mar 15, 2021;65,56;66,4;64,13;65,39;65,39;378009
Mar 12, 2021;65,96;66,24;65,41;65,61;65,61;321714
Mar 11, 2021;64,7;66,21;64,54;66,02;66,02;441063
Mar 10, 2021;63,84;64,96;63,13;64,44;64,44;498488
Mar 09, 2021;64,73;65,98;63,63;64,01;64,01;554564
Mar 08, 2021;66,68;67,98;64,57;65,05;65,05;533376
Mar 05, 2021;64,16;66,42;63,82;66,09;66,09;573168
Mar 04, 2021;61,08;64,86;60,52;63,83;63,83;694628
Mar 03, 2021;59,55;61,99;59,24;61,28;61,28;465311
Mar 02, 2021;60,23;61,21;59,38;59,75;59,75;464133
Mar 01, 2021;61,95;62,92;59,96;60,64;60,64;456679
Feb 26, 2021;63,46;63,57;61,34;61,5;61,5;472723
Feb 25, 2021;63,39;63,81;62,65;63,53;63,53;510357
Feb 24, 2021;61,29;63,51;60,97;63,22;63,22;489933
Feb 23, 2021;62,16;63;60,67;61,67;61,67;570677
Feb 22, 2021;58,88;61,84;58,82;61,49;61,49;505773
Feb 19, 2021;60,2;60,29;58,59;59,24;59,24;102427
Feb 18, 2021;61,68;62,26;59,79;60,52;60,52;132035
Feb 17, 2021;60,24;61,73;59,43;61,14;61,14;335419
Feb 16, 2021;59,98;60,95;59,33;60,05;60,05;602332
Feb 12, 2021;57,94;59,82;57,41;59,47;59,47;480822
Feb 11, 2021;58,4;58,71;57,84;58,24;58,24;380445
Feb 10, 2021;58,45;58,91;58,08;58,68;58,68;457535
Feb 09, 2021;58,11;58,62;57,27;58,36;58,36;514698
Feb 08, 2021;57,06;58,14;57;57,97;57,97;399724
Feb 05, 2021;56,46;57,29;56,43;56,85;56,85;400833
Feb 04, 2021;55,96;56,58;55,3;56,23;56,23;381404
Feb 03, 2021;55,05;56,33;54,81;55,69;55,69;448693
Feb 02, 2021;53,48;55,26;53,45;54,76;54,76;463718
Feb 01, 2021;51,99;53,74;51,64;53,55;53,55;416067
Jan 29, 2021;52,15;53,25;51,93;52,2;52,2;410914
Jan 28, 2021;52,65;53,58;52,04;52,34;52,34;411406
Jan 27, 2021;52,76;53,3;51,85;52,85;52,85;442376
Jan 26, 2021;52,91;53,25;52,29;52,61;52,61;314538
Jan 25, 2021;52,17;52,95;51,82;52,77;52,77;349076
Jan 22, 2021;53,1;53,16;51,44;52,27;52,27;437484
Jan 21, 2021;52,93;53,41;52,75;53,13;53,13;352397
Jan 20, 2021;53,13;53,79;53,05;53,24;53,24;400301
Jan 19, 2021;52;53,13;51,76;52,98;52,98;125964
Jan 15, 2021;53,8;53,83;51,83;52,36;52,36;165668
Jan 14, 2021;52,84;53,75;52,24;53,57;53,57;390087
Jan 13, 2021;53,31;53,93;52,58;52,91;52,91;429898
Jan 12, 2021;52,18;53,45;52,07;53,21;53,21;400200
Jan 11, 2021;52,58;52,7;51,5;52,25;52,25;394822
Jan 08, 2021;50,93;52,75;50,81;52,24;52,24;499416
Jan 07, 2021;50,53;51,28;50,39;50,83;50,83;369292
Jan 06, 2021;49,82;50,94;49,48;50,63;50,63;509365
Jan 05, 2021;47,38;50,2;47,24;49,93;49,93;643191
Jan 04, 2021;48,4;49,83;47,18;47,62;47,62;528525
Dec 31, 2020;48,35;48,58;47,77;48,52;48,52;181894
Dec 30, 2020;48,13;48,66;47,61;48,4;48,4;266957
Dec 29, 2020;47,72;48,35;47,68;48;48;213778
Dec 28, 2020;48,23;48,96;47,5;47,62;47,62;238462
Dec 24, 2020;48,09;48,62;47,56;48,23;48,23;167390
Dec 23, 2020;46,79;48,5;46,16;48,12;48,12;344306
Dec 22, 2020;47,93;47,96;46,6;47,02;47,02;295737
Dec 21, 2020;48,54;48,61;46,18;47,74;47,74;478098
Dec 18, 2020;48,43;49,28;48,1;49,1;49,1;83711
Dec 17, 2020;47,85;48,59;47,81;48,36;48,36;96536
Dec 16, 2020;47,6;47,94;47,17;47,82;47,82;275331
Dec 15, 2020;46,99;47,73;46,54;47,62;47,62;311169
Dec 14, 2020;46,73;47,44;45,69;46,99;46,99;403543
Dec 11, 2020;46,97;47,29;46,34;46,57;46,57;367305
Dec 10, 2020;45,69;47,74;45,52;46,78;46,78;447529
Dec 09, 2020;45,6;46,24;44,95;45,52;45,52;434976
Dec 08, 2020;45,66;45,93;45,14;45,6;45,6;332641
Dec 07, 2020;46,15;46,54;45,36;45,76;45,76;348871
Dec 04, 2020;45,64;46,68;45,61;46,26;46,26;335453
Dec 03, 2020;44,99;45,84;44,66;45,64;45,64;350768
Dec 02, 2020;44,38;45,92;43,92;45,28;45,28;368854
Dec 01, 2020;45,08;45,7;44,12;44,55;44,55;314919
Nov 30, 2020;45,34;45,8;44,42;45,34;45,34;370755
Nov 27, 2020;45,9;46,09;44,55;45,53;45,53;365128
Nov 25, 2020;44,82;46,26;44,73;45,71;45,71;417182
Nov 24, 2020;42,84;45,2;42,82;44,91;44,91;418527
Nov 23, 2020;42,46;43,36;42,29;43,06;43,06;300717
Nov 20, 2020;41,7;42,32;41,51;42,15;42,15;276340
Nov 19, 2020;41,61;41,98;41,08;41,74;41,74;88144
Nov 18, 2020;41,35;42,46;41,08;41,82;41,82;107013
Nov 17, 2020;41,44;41,69;40,57;41,43;41,43;243677
Nov 16, 2020;40,17;42,09;40,15;41,34;41,34;378785
Nov 13, 2020;40,94;40,94;40,06;40,13;40,13;338187
Nov 12, 2020;41,47;42,19;40,87;41,12;41,12;401031
Nov 11, 2020;41,79;43,06;41,32;41,45;41,45;443772
Nov 10, 2020;39,91;41,84;39,41;41,36;41,36;457045
Nov 09, 2020;37,34;41,33;37,16;40,29;40,29;622921
Nov 06, 2020;38,54;38,61;37,06;37,14;37,14;411026
Nov 05, 2020;39,17;39,35;38,27;38,79;38,79;298366
Nov 04, 2020;38,15;39,25;37,26;39,15;39,15;437000
Nov 03, 2020;37,03;38,32;36,57;37,66;37,66;410611
Nov 02, 2020;35,24;37,15;33,64;36,81;36,81;489204
Oct 30, 2020;36,07;36,6;35,21;35,79;35,79;388971
Oct 29, 2020;37,39;37,76;34,92;36,17;36,17;568816
Oct 28, 2020;38,97;39,01;36,97;37,39;37,39;489954
Oct 27, 2020;38,59;39,83;38,51;39,57;39,57;339535
Oct 26, 2020;39,69;39,74;38,28;38,56;38,56;360184
Oct 23, 2020;40,61;40,92;39,57;39,85;39,85;268931
Oct 22, 2020;40,04;41,02;39,71;40,64;40,64;307494
Oct 21, 2020;41,22;41,59;39,78;40,03;40,03;366899
Oct 20, 2020;40,65;41,7;40,25;41,46;41,46;360574
Oct 19, 2020;40,69;41,22;40,54;40,83;40,83;75335
Oct 16, 2020;40,88;41,05;40,08;40,88;40,88;96488
Oct 15, 2020;41,13;41,29;39,22;40,96;40,96;248251
Oct 14, 2020;40,19;41,16;39,82;41,04;41,04;328295
Oct 13, 2020;39,53;40,53;39,35;40,2;40,2;375470
Oct 12, 2020;40,4;40,45;39,04;39,43;39,43;322035
Oct 09, 2020;41,31;41,47;40,38;40,6;40,6;331703
Oct 08, 2020;39,99;41,33;39,76;41,19;41,19;409787
Oct 07, 2020;39,83;40,35;39,28;39,95;39,95;433065
Oct 06, 2020;39,35;40,86;39,1;40,67;40,67;400531
Oct 05, 2020;37;39,72;37;39,22;39,22;378579
Oct 02, 2020;38,6;38,65;36,63;37,05;37,05;391428
Oct 01, 2020;39,9;40,47;37,61;38,72;38,72;443442
Sep 30, 2020;39,16;40,37;38,68;40,22;40,22;340294
Sep 29, 2020;40,58;40,7;38,41;39,29;39,29;379599
Sep 28, 2020;40,07;40,8;39,78;40,6;40,6;226425
Sep 25, 2020;40,15;40,64;39,71;40,25;40,25;229025
Sep 24, 2020;39,6;40,37;39,12;40,31;40,31;269992
Sep 23, 2020;39,76;40,75;39,26;39,93;39,93;318754
Sep 22, 2020;39,63;40,02;39;39,6;39,6;287807
Sep 21, 2020;40,98;41,27;38,66;39,31;39,31;66195
Sep 18, 2020;40,97;41,49;40,3;41,11;41,11;85906
Sep 17, 2020;40,19;41,22;39,42;40,97;40,97;280669
Sep 16, 2020;38,35;40,34;38,35;40,16;40,16;367612
Sep 15, 2020;37,28;38,57;37,06;38,28;38,28;348861
Sep 14, 2020;37,32;37,68;36,82;37,26;37,26;347563
Sep 11, 2020;37,01;37,82;36,67;37,33;37,33;363787
Sep 10, 2020;37,8;38,18;36,93;37,3;37,3;367555
Sep 09, 2020;36,79;38,45;36,16;38,05;38,05;455356
Sep 08, 2020;39,48;39,59;36,13;36,76;36,76;720975
Sep 04, 2020;41,25;41,87;39,35;39,77;39,77;444184
Sep 03, 2020;41,63;41,79;40,22;41,37;41,37;417634
Sep 02, 2020;43,02;43,21;41,23;41,51;41,51;421771
Sep 01, 2020;42,83;43,43;42,72;42,76;42,76;285146
Aug 31, 2020;42,91;43,57;42,56;42,61;42,61;236877
Aug 28, 2020;42,98;43,42;42,69;42,97;42,97;272800
Aug 27, 2020;43,45;43,5;42,36;43,04;43,04;320968
Aug 26, 2020;43,39;43,78;43;43,39;43,39;262243
Aug 25, 2020;42,36;43,57;42,31;43,35;43,35;330800
Aug 24, 2020;42,48;42,89;42,23;42,62;42,62;294731
Aug 21, 2020;42,75;42,96;41,46;42,34;42,34;345368
Aug 20, 2020;42,74;42,79;41,5;42,58;42,58;377070
Aug 19, 2020;42,6;43,03;42,36;42,93;42,93;81299
Aug 18, 2020;42,79;42,99;42,11;42,89;42,89;111628
Aug 17, 2020;42,24;42,97;41,8;42,89;42,89;208429
Aug 14, 2020;42,33;42,57;41,62;42,01;42,01;310866
Aug 13, 2020;42,57;42,84;42,09;42,24;42,24;329507
Aug 12, 2020;41,62;42,9;41,53;42,67;42,67;397831
Aug 11, 2020;41,98;42,94;41,48;41,61;41,61;432843
Aug 10, 2020;41,5;42,33;41,17;41,94;41,94;367796
Aug 07, 2020;41,97;42,22;41,06;41,22;41,22;398997
Aug 06, 2020;42,19;42,65;41,61;41,95;41,95;359610
Aug 05, 2020;41,56;43,52;41,47;42,19;42,19;491268
Aug 04, 2020;40,78;42,08;40,14;41,7;41,7;451575
Aug 03, 2020;40,39;41,24;39,58;41,01;41,01;338326
Jul 31, 2020;40,34;40,55;39,66;40,27;40,27;318788
Jul 30, 2020;41,32;41,39;38,72;39,92;39,92;487325
Jul 29, 2020;41,13;41,57;40,93;41,27;41,27;295855
Jul 28, 2020;41,65;41,93;40,85;41,04;41,04;276804
Jul 27, 2020;41,26;41,82;40,48;41,6;41,6;377714
Jul 24, 2020;41,06;41,67;40,66;41,29;41,29;353159
Jul 23, 2020;41,95;42,36;40,83;41,07;41,07;389412
Jul 22, 2020;41,54;42,03;41,14;41,9;41,9;333647
Jul 21, 2020;40,65;42,4;40,64;41,96;41,96;389117
Jul 20, 2020;40,64;40,91;39,83;40,81;40,81;60179
Jul 17, 2020;40,72;40,9;40,02;40,59;40,59;88220
Jul 16, 2020;40,97;41,18;40,52;40,75;40,75;200101
Jul 15, 2020;40,55;41,26;40,08;41,2;41,2;352542
Jul 14, 2020;39,6;40,57;39,07;40,29;40,29;426971
Jul 13, 2020;40,35;40,72;39,47;40,1;40,1;370715
Jul 10, 2020;39,58;40,77;38,54;40,55;40,55;393149
Jul 09, 2020;40,87;40,99;39,27;39,62;39,62;367386
Jul 08, 2020;40,48;41,08;40,3;40,9;40,9;286740
Jul 07, 2020;40,68;40,95;39,9;40,62;40,62;256596
Jul 06, 2020;40,38;41,08;39,84;40,63;40,63;373236
Jul 02, 2020;39,78;40,74;39,46;40,65;40,65;347096
Jul 01, 2020;39,84;40,58;39,05;39,82;39,82;407170
Jun 30, 2020;39,64;40,08;38,85;39,27;39,27;370059
Jun 29, 2020;37,96;39,89;37,5;39,7;39,7;343913
Jun 26, 2020;39,09;39,35;37,79;38,49;38,49;356712
Jun 25, 2020;38,05;39,23;37,08;38,72;38,72;451640
Jun 24, 2020;39,99;40,54;37,31;38,01;38,01;499490
Jun 23, 2020;40,68;41,63;39,76;40,37;40,37;368730
Jun 22, 2020;39,18;40,7;39,12;40,46;40,46;315264
Jun 19, 2020;38,85;40,49;38,4;39,75;39,75;64113
Jun 18, 2020;37,74;38,97;37,11;38,84;38,84;113384
Jun 17, 2020;37,93;38,75;37,21;37,96;37,96;239516
Jun 16, 2020;37,05;39,06;36,38;38,38;38,38;366323
Jun 15, 2020;36,03;37,26;34,36;37,12;37,12;387546
Jun 12, 2020;36,26;36,99;34,48;36,26;36,26;406508
Jun 11, 2020;39,09;39,09;35,41;36,34;36,34;513912
Jun 10, 2020;38,5;39,91;37,73;39,6;39,6;385868
Jun 09, 2020;38,22;39,1;37,07;38,94;38,94;396033
Jun 08, 2020;39,41;40,44;37,96;38,19;38,19;416639
Jun 05, 2020;37,33;39,68;37,05;39,55;39,55;396856
Jun 04, 2020;36,76;37,62;36,38;37,41;37,41;307612
Jun 03, 2020;36,86;38,18;35,88;37,29;37,29;494253
Jun 02, 2020;35,56;37,06;35,28;36,81;36,81;343483
Jun 01, 2020;35,21;35,9;34,27;35,44;35,44;385710
May 29, 2020;33,68;35,77;32,36;35,49;35,49;443647
May 28, 2020;32,1;34,21;31,14;33,71;33,71;440168
May 27, 2020;34,14;34,32;31,75;32,81;32,81;415246
May 26, 2020;33,3;34,81;32,48;34,35;34,35;466737
May 22, 2020;33,95;34;30,72;33,25;33,25;429036
May 21, 2020;33,53;34,66;33,26;33,92;33,92;372814
May 20, 2020;31,89;33,78;31,56;33,49;33,49;406431
May 19, 2020;32,83;33,44;31,34;32,5;32,5;430823
May 18, 2020;29,53;33,32;29,53;31,82;31,82;89376
May 15, 2020;27,64;29,92;27,24;29,43;29,43;108016
May 14, 2020;25,56;27,96;25,18;27,56;27,56;160507
May 13, 2020;25,3;26,45;24,79;25,29;25,29;150864
May 12, 2020;24,49;26,23;24,22;25,78;25,78;212335
May 11, 2020;24,49;25,58;23,67;24,14;24,14;179591
May 08, 2020;23,35;24,99;23,26;24,74;24,74;205181
May 07, 2020;24,09;26,74;22,94;23,55;23,55;310261
May 06, 2020;25,52;26,08;22,58;23,99;23,99;381165
May 05, 2020;21,24;25,49;21,13;24,56;24,56;387240
May 04, 2020;19,11;21,42;18,05;20,39;20,39;311488
May 01, 2020;19,04;20,48;18,07;19,78;19,78;403201
Apr 30, 2020;15,64;19,44;15,45;18,84;18,84;545344
Apr 29, 2020;13,35;16,78;12,67;15,06;15,06;554134
Apr 28, 2020;12,96;13,69;10,07;12,34;12,34;897087
Apr 27, 2020;16,84;16,98;11,88;12,78;12,78;623201
Apr 24, 2020;16,78;17,97;15,64;16,94;16,94;600220
Apr 23, 2020;14,2;18,26;13,35;16,5;16,5;833584
Apr 22, 2020;13,12;16,18;10,26;13,78;13,78;1235218
Apr 21, 2020;-14;13,86;-16,74;10,01;10,01;2288230
Apr 20, 2020;17,73;17,85;-40,32;-37,63;-37,63;247947
Apr 17, 2020;20;20,22;17,31;18,27;18,27;240628
Apr 16, 2020;20,15;20,53;19,42;19,87;19,87;350942
Apr 15, 2020;20,72;20,89;19,2;19,87;19,87;544797
Apr 14, 2020;22,36;23,08;19,95;20,11;20,11;785478
Apr 13, 2020;24,6;24,74;22,03;22,41;22,41;775120
Apr 09, 2020;26,28;28,36;22,57;22,76;22,76;1122149
Apr 08, 2020;24,3;26,45;23,74;25,09;25,09;823554
Apr 07, 2020;26,34;27,24;23,54;23,63;23,63;797707
Apr 06, 2020;26,09;28,24;25,28;26,08;26,08;752710
Apr 03, 2020;24,81;29,13;23,52;28,34;28,34;1007577
Apr 02, 2020;21,22;27,39;20,76;25,32;25,32;1095972
Apr 01, 2020;20,1;21,55;19,9;20,31;20,31;703286
Mar 31, 2020;20,23;21,89;20,01;20,48;20,48;660082
Mar 30, 2020;20,93;20,93;19,27;20,09;20,09;758711
Mar 27, 2020;23,29;23,44;20,88;21,51;21,51;603124
Mar 26, 2020;24,25;24,65;22,38;22,6;22,6;633877
Mar 25, 2020;24,37;25,24;22,91;24,49;24,49;618725
Mar 24, 2020;23,87;25,16;23,09;24,01;24,01;659697
Mar 23, 2020;22,52;24,07;20,8;23,36;23,36;852951
Mar 20, 2020;24,73;27,89;19,46;22,43;22,43;1133808
Mar 19, 2020;22,3;27,71;21,36;25,22;25,22;136722
Mar 18, 2020;26,94;27,22;20,06;20,37;20,37;309481
Mar 17, 2020;28,69;30,3;26,63;26,95;26,95;545820
Mar 16, 2020;33,75;33,75;28,1;28,7;28,7;698829
Mar 13, 2020;30,77;33,87;30,33;31,73;31,73;743129
Mar 12, 2020;33,07;33,63;30,02;31,5;31,5;1025036
Mar 11, 2020;34,62;36,35;32,56;32,98;32,98;874646
Mar 10, 2020;30,37;35,02;30,2;34,36;34,36;1064632
Mar 09, 2020;32,87;34,88;27,34;31,13;31,13;1774383
Mar 06, 2020;46,09;46,38;41,05;41,28;41,28;1276180
Mar 05, 2020;47,13;47,57;45,65;45,9;45,9;704591
Mar 04, 2020;46,94;48,41;46,65;46,78;46,78;745856
Mar 03, 2020;47,72;48,66;46,47;47,18;47,18;1011933
Mar 02, 2020;43,7;47,56;43,32;46,75;46,75;949471
Feb 28, 2020;46,49;47,03;43,85;44,76;44,76;1101659
Feb 27, 2020;48,63;48,78;45,88;47,09;47,09;1011915
Feb 26, 2020;50,08;50,44;48,3;48,73;48,73;884482
Feb 25, 2020;51,37;52,02;49,69;49,9;49,9;764989
Feb 24, 2020;52,6;52,64;50,45;51,43;51,43;765515
Feb 21, 2020;53,74;53,86;52,55;53,38;53,38;707555
Feb 20, 2020;53,5;54,5;53,22;53,78;53,78;676179
Feb 19, 2020;52,12;53,66;51,93;53,29;53,29;113683
Feb 18, 2020;52,23;52,41;50,88;52,05;52,05;221774
Feb 14, 2020;51,51;52,34;51,32;52,05;52,05;607343
Feb 13, 2020;51,72;51,96;50,6;51,42;51,42;745400
Feb 12, 2020;49,96;51,73;49,95;51,17;51,17;795256
Feb 11, 2020;49,61;50,69;49,58;49,94;49,94;725733
Feb 10, 2020;50,12;50,49;49,42;49,57;49,57;715894
Feb 07, 2020;51,11;51,48;50,09;50,32;50,32;768345
Feb 06, 2020;51,17;52,2;50,24;50,95;50,95;750659
Feb 05, 2020;49,51;51,88;49,47;50,75;50,75;887946
Feb 04, 2020;49,94;51,55;49,31;49,61;49,61;859357
Feb 03, 2020;51,01;51,97;49,8;50,11;50,11;876044
Jan 31, 2020;52,92;53,36;50,97;51,56;51,56;827907
Jan 30, 2020;53,09;53,2;51,66;52,14;52,14;720123
Jan 29, 2020;53,97;54,37;52,81;53,33;53,33;624979
Jan 28, 2020;52,77;54,06;52,68;53,48;53,48;633963
Jan 27, 2020;53,7;53,71;52,13;53,14;53,14;712880
Jan 24, 2020;55,69;55,95;53,85;54,19;54,19;586195
Jan 23, 2020;56,11;56,27;54,77;55,59;55,59;703995
Jan 22, 2020;58,26;58,38;56,03;56,74;56,74;620119
Jan 21, 2020;59,17;59,73;57,68;58,34;58,34;648335
Jan 17, 2020;58,59;58,98;58,27;58,54;58,54;122561
Jan 16, 2020;58,1;58,87;57,56;58,52;58,52;182871
Jan 15, 2020;58,2;58,36;57,36;57,81;57,81;433169
Jan 14, 2020;58,03;58,72;57,72;58,23;58,23;507714
Jan 13, 2020;59,04;59,27;57,91;58,08;58,08;584002
Jan 10, 2020;59,61;59,78;58,85;59,04;59,04;596186
Jan 09, 2020;59,99;60,31;58,66;59,56;59,56;750933
Jan 08, 2020;62,84;65,65;59,15;59,61;59,61;1205710
Jan 07, 2020;62,91;63,15;62,11;62,7;62,7;582649
Jan 06, 2020;63,71;64,72;62,64;63,27;63,27;724236
Jan 03, 2020;61,18;64,09;61,13;63,05;63,05;885861
Jan 02, 2020;61,6;61,6;60,64;61,18;61,18;486873
Dec 31, 2019;61,68;61,88;60,63;61,06;61,06;494535
Dec 30, 2019;61,71;62,34;61,09;61,68;61,68;427149
Dec 27, 2019;61,73;61,97;61,24;61,72;61,72;351899
Dec 26, 2019;61,2;61,83;61,06;61,68;61,68;265091
Dec 24, 2019;60,63;61,16;60,47;61,11;61,11;204535
Dec 23, 2019;60,41;60,77;60,1;60,52;60,52;314711
Dec 20, 2019;61,11;61,2;60,02;60,44;60,44;552517
Dec 19, 2019;60,86;61,47;60,79;61,22;61,22;426341
Dec 18, 2019;60,55;61,18;60,32;60,93;60,93;131071
Dec 17, 2019;60,23;61,06;60,03;60,94;60,94;163744
Dec 16, 2019;59,87;60,34;59,71;60,21;60,21;347395
Dec 13, 2019;59,36;60,48;59,27;60,07;60,07;512288
Dec 12, 2019;58,88;59,72;58,75;59,18;59,18;530851
Dec 11, 2019;59,06;59,22;58,11;58,76;58,76;589650
Dec 10, 2019;58,92;59,52;58,52;59,24;59,24;566822
Dec 09, 2019;59,11;59,25;58,23;59,02;59,02;511561
Dec 06, 2019;58,32;59,85;57,7;59,2;59,2;679609
Dec 05, 2019;58,36;59,12;58,1;58,43;58,43;649461
Dec 04, 2019;56,43;58,66;56,28;58,43;58,43;760541
Dec 03, 2019;55,96;56,8;55,35;56,1;56,1;560554
Dec 02, 2019;55,47;56,67;55,42;55,96;55,96;616423
Nov 29, 2019;58,13;58,3;55,02;55,17;55,17;718724
Nov 27, 2019;58,27;58,68;57,51;58,11;58,11;454256
Nov 26, 2019;57,92;58,56;57,76;58,41;58,41;443816
Nov 25, 2019;57,92;58,15;57,21;58,01;58,01;420642
Nov 22, 2019;58,31;58,74;57,5;57,77;57,77;508244
Nov 21, 2019;57;58,67;56,6;58,58;58,58;593533
Nov 20, 2019;55,16;57,25;54,76;57,11;57,11;674891
Nov 19, 2019;56,9;57,11;55,04;55,21;55,21;121214
Nov 18, 2019;57,88;58,09;56,55;57,05;57,05;159328
Nov 15, 2019;56,91;57,97;56,43;57,72;57,72;375993
Nov 14, 2019;57,39;57,79;56,63;56,77;56,77;516832
Nov 13, 2019;56,79;57,53;56,2;57,12;57,12;547635
Nov 12, 2019;56,89;57,55;56,54;56,8;56,8;586568
Nov 11, 2019;57,4;57,4;56,25;56,86;56,86;498981
Nov 08, 2019;57,08;57,48;55,76;57,24;57,24;636941
Nov 07, 2019;56,35;57,88;56,27;57,15;57,15;678165
Nov 06, 2019;57,26;57,85;56,11;56,35;56,35;623258
Nov 05, 2019;56,56;57,5;56,3;57,23;57,23;435319
Nov 04, 2019;56,41;57,43;55,83;56,54;56,54;580350
Nov 01, 2019;54,15;56,33;54,07;56,2;56,2;538117
Oct 31, 2019;54,9;55,59;53,71;54,18;54,18;677419
Oct 30, 2019;55,53;55,73;54,42;55,06;55,06;659328
Oct 29, 2019;55,8;55,91;54,61;55,54;55,54;521457
Oct 28, 2019;56,65;56,92;55,58;55,81;55,81;437020
Oct 25, 2019;56,07;56,74;55,6;56,66;56,66;445020
Oct 24, 2019;55,9;56,51;55,41;56,23;56,23;480764
Oct 23, 2019;54,3;56,07;53,62;55,97;55,97;620202
Oct 22, 2019;53,39;54,62;53,1;54,16;54,16;506573
Oct 21, 2019;53,71;54,03;52,71;53,31;53,31;95979
Oct 18, 2019;54,09;54,62;53,35;53,78;53,78;174477
Oct 17, 2019;52,99;54,16;52,62;53,93;53,93;418422
Oct 16, 2019;52,92;53,74;52,52;53,36;53,36;451643
Oct 15, 2019;53,51;53,79;52,39;52,81;52,81;511249
Oct 14, 2019;54,9;54,9;52,77;53,59;53,59;467643
Oct 11, 2019;53,88;54,93;53,64;54,7;54,7;467643
Oct 10, 2019;52,69;53,97;51,38;53,55;53,55;613944
Oct 09, 2019;52,57;53,74;52,31;52,59;52,59;632666
Oct 08, 2019;52,81;53,27;51,81;52,63;52,63;658324
Oct 07, 2019;52,69;54,06;52,59;52,75;52,75;549019
Oct 04, 2019;52,29;53,35;52,04;52,81;52,81;541104
Oct 03, 2019;52,47;52,91;50,99;52,45;52,45;642466
Oct 02, 2019;54;54,42;52,17;52,64;52,64;590306
Oct 01, 2019;54,28;54,84;53,05;53,62;53,62;589176
Sep 30, 2019;56,54;56,57;53,98;54,07;54,07;532522
Sep 27, 2019;56,51;56,76;54,75;55,91;55,91;712966
Sep 26, 2019;56,69;56,84;55,41;56,41;56,41;599653
Sep 25, 2019;56,7;57,02;55,55;56,49;56,49;563550
Sep 24, 2019;58,44;58,49;56,69;57,29;57,29;591529
Sep 23, 2019;59,25;59,39;57,37;58,64;58,64;526785
Sep 20, 2019;58,65;59,1;57,79;58,09;58,09;576019
Sep 19, 2019;58,2;59,54;58,01;58,13;58,13;112327
Sep 18, 2019;58,81;59,43;57,67;58,11;58,11;216961
Sep 17, 2019;61,96;62,59;58,46;59,34;59,34;993237
Sep 16, 2019;61,48;63,38;58,77;62,9;62,9;1404916
Sep 13, 2019;55,15;55,68;54,44;54,85;54,85;599470
Sep 12, 2019;55,93;56,34;54;55,09;55,09;845977
Sep 11, 2019;57,89;58,3;55,61;55,75;55,75;858772
Sep 10, 2019;58,03;58,76;57,2;57,4;57,4;755472
Sep 09, 2019;56,8;58,16;56,58;57,85;57,85;646993
Sep 06, 2019;56,19;56,95;54,83;56,52;56,52;714294
Sep 05, 2019;55,95;57,76;55,75;56,3;56,3;712466
Sep 04, 2019;53,92;56,58;53,84;56,26;56,26;682298
Sep 03, 2019;55;55,24;52,84;53,94;53,94;970804
Aug 30, 2019;56,63;56,72;54,55;55,1;55,1;708268
Aug 29, 2019;55,88;56,89;55,43;56,71;56,71;630760
Aug 28, 2019;55,71;56,75;55,34;55,78;55,78;674048
Aug 27, 2019;53,76;55,72;53,69;54,93;54,93;596624
Aug 26, 2019;53,25;55,26;52,96;53,64;53,64;679022
Aug 23, 2019;55,35;55,6;53,24;54,17;54,17;807151
Aug 22, 2019;55,94;56,46;54,85;55,35;55,35;621573
Aug 21, 2019;56,05;57,13;55,55;55,68;55,68;704035
Aug 20, 2019;56,1;56,6;55,28;56,34;56,34;659258
Aug 19, 2019;54,96;56,41;54,84;56,21;56,21;113571
Aug 16, 2019;54,74;55,67;54,26;54,87;54,87;168345
Aug 15, 2019;54,9;55,33;53,77;54,47;54,47;527866
Aug 14, 2019;56,74;56,85;53,97;55,23;55,23;718293
Aug 13, 2019;54,73;57,47;54,21;57,1;57,1;783486
Aug 12, 2019;54,32;55,18;53,54;54,93;54,93;611027
Aug 09, 2019;52,88;54,92;52,37;54,5;54,5;726386
Aug 08, 2019;52,33;53,06;51,94;52,54;52,54;724762
Aug 07, 2019;53,42;53,77;50,52;51,09;51,09;1063214
Aug 06, 2019;54,95;55,42;53,29;53,63;53,63;682794
Aug 05, 2019;55,38;55,61;54,22;54,69;54,69;823844
Aug 02, 2019;54,54;56,05;54,15;55,66;55,66;739810
Aug 01, 2019;57,85;57,99;53,59;53,95;53,95;886748
Jul 31, 2019;58,34;58,82;57,81;58,58;58,58;614001
Jul 30, 2019;57,07;58,47;56,96;58,05;58,05;547401
Jul 29, 2019;56,2;57,1;55,81;56,87;56,87;529742
Jul 26, 2019;55,93;56,57;55,68;56,2;56,2;476785
Jul 25, 2019;55,9;56,99;55,81;56,02;56,02;559282
Jul 24, 2019;57,23;57,64;55,33;55,88;55,88;745248
Jul 23, 2019;56,17;57,47;55,74;56,77;56,77;521876
Jul 22, 2019;56,22;56,84;55,72;56,22;56,22;619483
Jul 19, 2019;55,72;56,36;54,99;55,63;55,63;105217
Jul 18, 2019;56,6;57,32;54,72;55,3;55,3;215361
Jul 17, 2019;57,52;58,36;56,21;56,78;56,78;504432
Jul 16, 2019;59,26;60,06;57,07;57,62;57,62;712540
Jul 15, 2019;60,25;60,92;59,2;59,58;59,58;566818
Jul 12, 2019;60,46;60,74;59,93;60,21;60,21;469029
Jul 11, 2019;60,44;60,94;60,14;60,2;60,2;573019
Jul 10, 2019;58,4;60,53;58,35;60,43;60,43;690656
Jul 09, 2019;57,56;59,1;57,29;57,83;57,83;551872
Jul 08, 2019;57,77;58,46;57,3;57,66;57,66;540861
Jul 05, 2019;57,38;57,82;56,29;57,51;57,51;698015
Jul 03, 2019;56,49;57,48;56,04;57,34;57,34;600131
Jul 02, 2019;59,14;59,43;56,09;56,25;56,25;878938
Jul 01, 2019;59,27;60,28;58,34;59,09;59,09;674887
Jun 28, 2019;59,22;59,8;57,75;58,47;58,47;556101
Jun 27, 2019;59,27;59,73;58,61;59,43;59,43;531405
Jun 26, 2019;58,84;59,93;58,65;59,38;59,38;686817
Jun 25, 2019;57,74;58,84;57,2;57,83;57,83;673140
Jun 24, 2019;57,72;58,22;56,75;57,9;57,9;597164
Jun 21, 2019;57,26;57,98;56,66;57,43;57,43;676047
Jun 20, 2019;54,12;57,02;54,11;56,65;56,65;854514
Jun 19, 2019;54,09;54,42;53,28;53,76;53,76;122838
Jun 18, 2019;51,95;54,31;51,5;53,9;53,9;181640
Jun 17, 2019;52,5;52,74;51,58;51,93;51,93;397868
Jun 14, 2019;52,18;52,98;51,7;52,51;52,51;574229
Jun 13, 2019;51,07;53,45;50,92;52,28;52,28;945024
Jun 12, 2019;53,04;53,05;50,72;51,14;51,14;786105
Jun 11, 2019;53,43;54,04;52,91;53,27;53,27;642940
Jun 10, 2019;54,24;54,84;53,05;53,26;53,26;687146
Jun 07, 2019;53,1;54,32;52,62;53,99;53,99;828133
Jun 06, 2019;51,66;53,3;51,17;52,59;52,59;790067
Jun 05, 2019;52,86;53,41;50,6;51,68;51,68;943186
Jun 04, 2019;52,89;53,78;52,43;53,48;53,48;831625
Jun 03, 2019;53,42;54,63;52,11;53,25;53,25;984308
May 31, 2019;56,46;56,61;53,05;53,5;53,5;1031488
May 30, 2019;59,12;59,7;56,33;56,59;56,59;842281
May 29, 2019;59,07;59,14;56,88;58,81;58,81;1124959
May 28, 2019;58,94;59,57;58,13;59,14;59,14;1020323
May 24, 2019;58,21;59,1;57,5;58,63;58,63;758099
May 23, 2019;61,27;61,29;57,33;57,91;57,91;1108052
May 22, 2019;62,64;62,78;61,03;61,42;61,42;766728
May 21, 2019;63,28;63,6;62,75;62,99;62,99;641680
May 20, 2019;63,53;63,81;62,45;63,1;63,1;131888
May 17, 2019;63,12;63,64;62,52;62,76;62,76;215802
May 16, 2019;62,12;63,48;62,08;62,87;62,87;545679
May 15, 2019;61,37;62,34;60,85;62,02;62,02;723001
May 14, 2019;60,86;62,11;60,69;61,78;61,78;751668
May 13, 2019;61,65;63,33;60,64;61,04;61,04;1003106
May 10, 2019;61,64;62,49;61,42;61,66;61,66;786494
May 09, 2019;62,02;62,21;60,92;61,7;61,7;769583
May 08, 2019;61,44;62,37;61,07;62,12;62,12;791769
May 07, 2019;62,17;62,49;60,66;61,4;61,4;842810
May 06, 2019;61,43;62,95;60,04;62,25;62,25;768810
May 03, 2019;61,55;62,52;61,3;61,94;61,94;646866
May 02, 2019;63,61;63,68;60,95;61,81;61,81;914661
May 01, 2019;63,4;63,93;62,77;63,6;63,6;676872
Apr 30, 2019;63,58;64,75;63,3;63,91;63,91;750494
Apr 29, 2019;62,95;63,69;62,46;63,5;63,5;654076
Apr 26, 2019;65,13;65,18;62,28;63,3;63,3;1000836
Apr 25, 2019;65,81;66,28;64,9;65,21;65,21;603001
Apr 24, 2019;66,17;66,43;65,66;65,89;65,89;678386
Apr 23, 2019;65,75;66,6;65,58;66,3;66,3;700598
Apr 22, 2019;64;65,92;64;65,7;65,7;763527
Apr 18, 2019;63,75;64,16;63,46;64;64;148238
Apr 17, 2019;64,32;64,61;63,66;63,76;63,76;235376
Apr 16, 2019;63,57;64,37;62,99;64,05;64,05;547469
Apr 15, 2019;63,76;63,84;63,03;63,4;63,4;555858
Apr 12, 2019;63,71;64,65;63,66;63,89;63,89;625588
Apr 11, 2019;64,48;64,49;63,31;63,58;63,58;760504
Apr 10, 2019;64,22;64,7;64,05;64,61;64,61;722216
Apr 09, 2019;64,4;64,79;63,68;63,98;63,98;790677
Apr 08, 2019;63,33;64,48;63,13;64,4;64,4;895767
Apr 05, 2019;62,18;63,34;61,82;63,08;63,08;686862
Apr 04, 2019;62,5;62,77;61,89;62,1;62,1;684973
Apr 03, 2019;62,64;62,99;62,05;62,46;62,46;799672
Apr 02, 2019;61,81;62,75;61,6;62,58;62,58;793227
Apr 01, 2019;60,24;61,8;60,13;61,59;61,59;670808
Mar 29, 2019;59,53;60,73;59,41;60,14;60,14;705559
Mar 28, 2019;59,4;59,56;58,2;59,3;59,3;712209
Mar 27, 2019;60,03;60,22;58,81;59,41;59,41;732150
Mar 26, 2019;59,12;60,38;59,04;59,94;59,94;685988
